-- Chính
INSERT INTO `dbwatchshop`.`category` (`category_code`, `category_name`) VALUES ('Tên thể loại không cách', 'Tên thể loại');
INSERT INTO `dbwatchshop`.`category` (`category_code`, `category_name`) VALUES ('just', 'Datejust');
INSERT INTO `dbwatchshop`.`category` (`category_code`, `category_name`) VALUES ('Mariner', 'Submariner');
INSERT INTO `dbwatchshop`.`category` (`category_code`, `category_name`) VALUES ('Date', 'Day-Date');
-- Hạnh
INSERT INTO `dbwatchshop`.`category` (`category_code`, `category_name`) VALUES ('Yacht-Master42', 'Yacht-Master 42'),
										('Sea-Dweller', 'Sea-Dweller'),
										('Deepsea', 'Deepsea');
-- Thắng
INSERT INTO `dbwatchshop`.`category` (`category_code`, `category_name`) VALUES ('Explorer', 'Explorer');
INSERT INTO `dbwatchshop`.`category` (`category_code`, `category_name`) VALUES ('Lady-Datejust', 'Lady-Datejust');
INSERT INTO `dbwatchshop`.`category` (`category_code`, `category_name`) VALUES ('Sky-Dweller', 'Sky-Dweller');



-- Chính
INSERT INTO `dbwatchshop`.`product` (`description`, `price`, `product_name`, `start_date`, `status`, `thumbnail`, `category_id`) VALUES ('Hiệu ứng tia mặt trời tạo ra sự phản chiếu ánh sáng tinh tế trên nhiều mẫu mặt đồng hồ của bộ sưu tập Oyster Perpetual. Phương pháp sử dụng các kỹ thuật chải thành thạo tạo ra các rãnh hướng từ trung tâm của mặt đồng hồ ra ngoài.
Ánh sáng được khuếch tán nhất quán dọc theo từng bản khắc, tạo nên sắc thái huyền ảo, tinh tế đặc trưng theo di chuyển của cổ tay. Sau khi hoàn thiện hiệu ứng tia mặt trời, màu sắc của mặt đồng hồ được phủ bằng cách ứng dụng công nghệ PVD (Công nghệ mạ chân không) hoặc mạ điện. Một lớp sơn bóng nhẹ là lớp phủ cuối cùng của mặt đồng hồ.', '3866320500', 'Datejust36', '2024-05-30 12:00:00', '1', 'Datejust36-2.png', '1');
INSERT INTO `dbwatchshop`.`product` (`description`, `price`, `product_name`, `start_date`, `status`, `thumbnail`, `category_id`) VALUES ('Mặt đồng hồ đi kèm số ‘VI’ cỡ lớn nạm 11 viên kim cương. Hiệu ứng tia mặt trời tạo ra sự phản chiếu ánh sáng tinh tế trên nhiều mẫu mặt đồng hồ của bộ sưu tập Oyster Perpetual. Phương pháp sử dụng các kỹ thuật chải thành thạo tạo ra các rãnh hướng từ trung tâm của mặt đồng hồ ra ngoài.', '416537500', 'Datejust31', '2024-05-30 12:00:00', '1', 'Datejust31-1.png', '1');
INSERT INTO `dbwatchshop`.`product` (`description`, `price`, `product_name`, `start_date`, `status`, `thumbnail`, `category_id`) VALUES ('Sơn mài dường như có khả năng sáng tạo vô hạn về màu sắc với cường độ hoàn hảo và tạo hiệu ứng trơn nhẵn. Kỹ thuật sơn mài bao gồm việc phủ liên tiếp sáu lớp sơn mài mỏng lên một phiến đỡ bằng đồng.
Sau đó, một lớp sơn bóng không màu được phủ lên để tạo chiều sâu và độ bóng cho màu sắc và sắc thái của mặt đồng hồ. Sau khi lớp sơn bóng khô, bề mặt của mặt đồng hồ được đánh bóng để làm nổi bật màu sắc; sau đó mặt đồng hồ sẵn sàng để được in chuyển chi tiết dập và đính các phụ kiện', '216624000', 'Datejust41', '2024-05-30 12:00:00', '1', 'Datejust41-1.png', '1');
INSERT INTO `dbwatchshop`.`product` (`description`, `price`, `product_name`, `start_date`, `status`, `thumbnail`, `category_id`) VALUES ('Vành đồng hồ xoay của Submariner là tính năng chủ đạo của đồng hồ. Thiết kế vạch chia 60 phút cho phép thợ lặn theo dõi thời gian lặn và điểm dừng giảm áp một cách chuẩn xác và an toàn.
Được chế tác bởi Rolex từ một loại gốm bền chống ăn mòn, vòng số vành Cerachrom hầu như không bị trầy xước. Một hộp phát quang tại điểm 0 đảm bảo độ rõ nét bất kể môi trường tối như thế nào. Mép lồi của vành đồng hồ được thiết kế cẩn thận để tạo độ bám tuyệt vời dưới nước, ngay cả khi đeo găng tay.', '244044500', 'Submariner', '2024-05-30 12:00:00', '1', 'Submariner.png', '2');
INSERT INTO `dbwatchshop`.`product` (`description`, `price`, `product_name`, `start_date`, `status`, `thumbnail`, `category_id`) VALUES ('Dây đeo Oyster là một thiết kế giả kim hoàn hảo về cả kiểu dáng lẫn chức năng, tính thẩm mỹ và công nghệ, được thiết kế thỏa mãn tiêu chí bền chắc và thoải mái.
Thiết kế được trang bị khóa Oysterlock giúp ngăn chặn việc bung khóa bất ngờ, với thiết kế Glidelock khéo léo, hỗ trợ tùy chỉnh dây đeo không cần dụng cụ - qua đó cho phép dây đeo được sử dụng thoải mái cùng đồ lặn.', '270207500', 'Submariner Date', '2024-05-30 12:00:00', '1', 'Submariner-Date-1.png', '2');
INSERT INTO `dbwatchshop`.`product` (`description`, `price`, `product_name`, `start_date`, `status`, `thumbnail`, `category_id`) VALUES ('Dây đeo Oyster là một thiết kế giả kim hoàn hảo về cả kiểu dáng lẫn chức năng, tính thẩm mỹ và công nghệ, được thiết kế thỏa mãn tiêu chí bền chắc và thoải mái.
Thiết kế được trang bị khóa Oysterlock giúp ngăn chặn việc bung khóa bất ngờ, với thiết kế Glidelock khéo léo, hỗ trợ tùy chỉnh dây đeo không cần dụng cụ - qua đó cho phép dây đeo được sử dụng thoải mái cùng đồ lặn.', '1039246000', 'Submariner Dateday', '2024-05-30 12:00:00', '1', 'Submariner-Dateday-1.png', '2');
INSERT INTO `dbwatchshop`.`product` (`description`, `price`, `product_name`, `start_date`, `status`, `thumbnail`, `category_id`) VALUES ('Vành khía Rolex là dấu ấn của sự khác biệt. Ban đầu, các khía trên vành đồng hồ Oyster được tạo ra để siết chặt vành đồng hồ với vỏ đồng hồ một cách dễ dàng, nhằm đảm bảo chống thấm nước tuyệt đối cho đồng hồ.
Thiết kế tương đồng với khía trên nắp lưng đồng hồ được vít chặt với vỏ đồng hồ giúp chống thấm nước nhờ công cụ đặc biệt của Rolex. Theo thời gian, thiết kế khía đã trở thành một chi tiết có tính thẩm mỹ cao, xứng đáng là bộ phận nổi bật mang phong cách Rolex. Ngày nay, vành khía được làm bằng vàng và trở thành điểm nhấn riêng trên mẫu Day-Date 40 này.', '1107798000',  'Day-Date 40', '2024-05-30 12:00:00', '1', 'Day-Date40-1.png', '3');
INSERT INTO `dbwatchshop`.`product` (`description`, `price`, `product_name`, `start_date`, `status`, `thumbnail`, `category_id`) VALUES ('Mặt đồng hồ đi kèm 10 viên kim cương cắt hình chữ nhật. Hiệu ứng tia mặt trời tạo ra sự phản chiếu ánh sáng tinh tế trên nhiều mẫu mặt đồng hồ của bộ sưu tập Oyster Perpetual. Phương pháp sử dụng các kỹ thuật chải thành thạo tạo ra các rãnh hướng từ trung tâm của mặt đồng hồ ra ngoài.
Ánh sáng được khuếch tán nhất quán dọc theo từng bản khắc, tạo nên sắc thái huyền ảo, tinh tế đặc trưng theo di chuyển của cổ tay. Sau khi hoàn thiện hiệu ứng tia mặt trời, màu sắc của mặt đồng hồ được phủ bằng cách ứng dụng công nghệ PVD (Công nghệ mạ chân không) hoặc mạ điện. Một lớp sơn bóng nhẹ là lớp phủ cuối cùng của mặt đồng hồ.', '1524593500',  'Day-Date 36', '2024-05-30 12:00:00', '1', 'Day-Date36-1.png', '3');
INSERT INTO `dbwatchshop`.`product` (`description`, `price`, `product_name`, `start_date`, `status`, `thumbnail`, `category_id`) VALUES ('Những nghệ nhân đính đá, như những nhà điêu khắc, chạm khắc các kim loại quý để tạo thành hình dáng nơi mỗi viên đá quý sẽ được đặt một cách hoàn hảo. Với kỹ nghệ và kỹ xảo của thợ kim hoàn, mỗi viên đá đều được đặt tỉ mỉ và căn chỉnh phù hợp với những viên khác, sau đó được đính lên vành đồng hồ vàng hoặc bạch kim.
Bên cạnh chất lượng của đá, một số tiêu chí khác góp phần tạo vẻ đẹp cho đồng hồ Rolex đính đá quý gồm: sự sắp xếp chuẩn xác về độ cao của các viên đá, hướng và vị trí của chúng, độ đều đặn, chắc chắn và tỷ lệ bố trí, cũng như tính phức tạp ở công đoạn thao tác cuối với kim loại. Một sự kết hợp lấp lánh giúp nâng tầm chiếc đồng hồ và mê hoặc người đeo.', '2286890500',  'Day-Date 42', '2024-05-30 12:00:00', '1', 'Day-Date42-1.png', '3');
-- Hạnh
INSERT INTO `dbwatchshop`.`product` (`description`, `price`, `product_name`, `start_date`, `status`, `thumbnail`, `category_id`) VALUES 
('Oyster Perpetual Yacht-Master 42 bằng vàng trắng 18ct với mặt đồng hồ màu đen và dây đeo Oysterflex.', '814396500', 'Yacht-Master 42 màu đen', '2024-05-30 12:00:00', '1', 'Yacht-Master_42_mau_den.png', '4'),
('Oyster Perpetual Yacht-Master 42 bằng vàng trắng 18ct với mặt đồng hồ màu đen và dây đeo Oysterflex.', '882948500', 'Yacht-Master 42 Mắt chim ưng', '2024-05-30 12:00:00', '1', 'Yacht-Master_42_mat_chim_ung.png', '4'),
('Oyster Perpetual Yacht-Master 42 bằng vàng kim 18 ct với mặt đồng hồ màu đen và dây đeo Oysterflex.', '778749500', 'Yacht-Master 42 vàng kim', '2024-05-30 12:00:00', '1', 'Yacht-Master_42_vang_kim.png', '4'),
('Oyster Perpetual Yacht-Master 42 bằng titanium RLX với mặt đồng hồ màu đen tuyền và dây đeo Oyster.', '375664500', 'Yacht-Master 42 titanium RLX', '2024-05-30 12:00:00', '1', 'Yacht-Master_42_titanium_RLX.png', '4'),
('Oyster Perpetual Sea-Dweller chế tác từ thép Oystersteel với miếng đệm vành đồng hồ Cerachrom bằng gốm màu đen và dây đeo Oyster.', '353727500', 'Sea-Dwelle thép Oystersteel', '2024-05-30 12:00:00', '1', 'Sea-Dwelle_thep_Oystersteel.png', '5'),
('Oyster Perpetual Sea-Dweller chế tác từ thép Oystersteel và vàng kim với miếng đệm vành đồng hồ Cerachrom bằng gốm màu đen và dây đeo Oyster.', '485347500', 'Sea-Dwelle vàng kim', '2024-05-30 12:00:00', '1', 'Sea-Dweller_vang_kim.png', '5'),
('Oyster Perpetual Rolex Deepsea chế tác từ thép Oystersteel với miếng đệm vành đồng hồ Cerachrom bằng gốm màu đen và dây đeo Oyster.', '386632000', 'Rolex Deepsea D-blue', '2024-05-30 12:00:00', '1', 'RolexDeepsea_D-blue.png', '6'),
('Oyster Perpetual Rolex Deepsea chế tác từ thép Oystersteel với miếng đệm vành đồng hồ Cerachrom bằng gốm màu đen và dây đeo Oyster.', '378406000', 'Rolex Deepsea màu đen tuyền', '2024-05-30 12:00:00', '1', 'RolexDeepsea_mau_den_tuyen.png', '6'),
('Oyster Perpetual Rolex Deepsea chế tác từ vàng kim 18 ct với miếng đệm vành đồng hồ Cerachrom bằng gốm màu xanh dương và dây đeo Oyster.', '1390232000', 'Rolex Deepsea vàng kim', '2024-05-30 12:00:00', '1', 'RolexDeepsea_vang_kim.png', '6'),
('Oyster Perpetual Deepsea Challenge chế tác từ titanium RLX với miếng đệm vành đồng hồ Cerachrom bằng gốm màu đen và dây đeo Oyster.', '680034500', 'Deepsea Challenge', '2024-05-30 12:00:00', '1', 'Deepsea_Challenge.png', '6');
-- Thắng
INSERT INTO `dbwatchshop`.`product` (`description`, `price`, `product_name`, `start_date`, `status`, `thumbnail`, `category_id`) VALUES ('Oyster, 36mm, thép Oystersteel và vàng kim', '315399000', 'Explorer 36 Vàng Kim', '2024-05-30 12:00:00', '1', 'Explorer 36 yellow-1.png', '7');
INSERT INTO `dbwatchshop`.`product` (`description`, `price`, `product_name`, `start_date`, `status`, `thumbnail`, `category_id`) VALUES ('Oyster, 36mm, thép Oystersteel', '191945000', 'Explorer 36', '2024-05-30 12:00:00', '1', 'Explorer 36-1.png', '7');
INSERT INTO `dbwatchshop`.`product` (`description`, `price`, `product_name`, `start_date`, `status`, `thumbnail`, `category_id`) VALUES ('Oyster, 40mm, thép Oystersteel', '202913000', 'Explorer 40', '2024-05-30 12:00:00', '1', 'Explorer 40-1.png', '7');
INSERT INTO `dbwatchshop`.`product` (`description`, `price`, `product_name`, `start_date`, `status`, `thumbnail`, `category_id`) VALUES ('Oyster, 28mm, thép Oystersteel và vàng Everose', '123429000', 'Lady-Datejust Vàng Everose', '2024-05-30 12:00:00', '1', 'Lady-Datejust Vàng Everose-1.png', '8');
INSERT INTO `dbwatchshop`.`product` (`description`, `price`, `product_name`, `start_date`, `status`, `thumbnail`, `category_id`) VALUES ('Oyster, 28mm, vàng kim', '234123000', 'Lady-Datejust Vàng Kim', '2024-05-30 12:00:00', '1', 'Lady-Datejust Vàng Kim-1.png', '8');
INSERT INTO `dbwatchshop`.`product` (`description`, `price`, `product_name`, `start_date`, `status`, `thumbnail`, `category_id`) VALUES ('Oyster, 28mm, thép Oystersteel và vàng trắng', '213882000', 'Lady-Datejust Vàng Trắng', '2024-05-30 12:00:00', '1', 'Lady-Datejust Vàng Trắng-1.png', '8');
INSERT INTO `dbwatchshop`.`product` (`description`, `price`, `product_name`, `start_date`, `status`, `thumbnail`, `category_id`) VALUES ('Oyster, 42mm, vàng kim', '312231000', 'Sky-Dweller Vàng Kim', '2024-05-30 12:00:00', '1', 'Sky-Dweller Vàng Kim-1.png', '9');
INSERT INTO `dbwatchshop`.`product` (`description`, `price`, `product_name`, `start_date`, `status`, `thumbnail`, `category_id`) VALUES ('Oyster, 42mm, vàng Everose', '234121021', 'Sky-Dweller Vàng Everose', '2024-05-30 12:00:00', '1', 'Sky-Dweller Vàng Everose-1.png', '9');
INSERT INTO `dbwatchshop`.`product` (`description`, `price`, `product_name`, `start_date`, `status`, `thumbnail`, `category_id`) VALUES ('Oyster, 42mm, thép Oystersteel và vàng trắng', '334278000', 'Sky-Dweller Vàng Trắng', '2024-05-30 12:00:00', '1', 'Sky-Dweller Vàng Trắng-1.png', '9');



-- Chính
INSERT INTO `dbwatchshop`.`image` (`image_name`, `image_path`, `product_image_id`) VALUES ('Datejust36-1.png', 'Datejust36-1.png', '1');
INSERT INTO `dbwatchshop`.`image` (`image_name`, `image_path`, `product_image_id`) VALUES ('Datejust36-2.png', 'Datejust36-2.png', '1');
INSERT INTO `dbwatchshop`.`image` (`image_name`, `image_path`, `product_image_id`) VALUES ('Datejust36-3.png', 'Datejust36-3.png', '1');
INSERT INTO `dbwatchshop`.`image` (`image_name`, `image_path`, `product_image_id`) VALUES ('Datejust36-4.png', 'Datejust36-4.png', '1');
INSERT INTO `dbwatchshop`.`image` (`image_name`, `image_path`, `product_image_id`) VALUES ('Datejust31-1.png', 'Datejust31-1.png', '2');
INSERT INTO `dbwatchshop`.`image` (`image_name`, `image_path`, `product_image_id`) VALUES ('Datejust31-2.png', 'Datejust31-2.png', '2');
INSERT INTO `dbwatchshop`.`image` (`image_name`, `image_path`, `product_image_id`) VALUES ('Datejust31-3.png', 'Datejust31-3.png', '2');
INSERT INTO `dbwatchshop`.`image` (`image_name`, `image_path`, `product_image_id`) VALUES ('Datejust31-4.png', 'Datejust31-4.png', '2');
INSERT INTO `dbwatchshop`.`image` (`image_name`, `image_path`, `product_image_id`) VALUES ('Datejust41-1.png', 'Datejust41-1.png', '3');
INSERT INTO `dbwatchshop`.`image` (`image_name`, `image_path`, `product_image_id`) VALUES ('Datejust41-2.png', 'Datejust41-2.png', '3');
INSERT INTO `dbwatchshop`.`image` (`image_name`, `image_path`, `product_image_id`) VALUES ('Datejust41-3.png', 'Datejust41-3.png', '3');
INSERT INTO `dbwatchshop`.`image` (`image_name`, `image_path`, `product_image_id`) VALUES ('Datejust41-4.png', 'Datejust41-4.png', '3');
INSERT INTO `dbwatchshop`.`image` (`image_name`, `image_path`, `product_image_id`) VALUES ('Submariner.png', 'Submariner.png', '4');
INSERT INTO `dbwatchshop`.`image` (`image_name`, `image_path`, `product_image_id`) VALUES ('Submariner-Date-1.png', 'Submariner-Date-1.png', '5');
INSERT INTO `dbwatchshop`.`image` (`image_name`, `image_path`, `product_image_id`) VALUES ('Submariner-Date-2.png', 'Submariner-Date-2.png', '5');
INSERT INTO `dbwatchshop`.`image` (`image_name`, `image_path`, `product_image_id`) VALUES ('Submariner-Date-3.png', 'Submariner-Date-3.png', '5');
INSERT INTO `dbwatchshop`.`image` (`image_name`, `image_path`, `product_image_id`) VALUES ('Submariner-Date-4.png', 'Submariner-Date-4.png', '5');
INSERT INTO `dbwatchshop`.`image` (`image_name`, `image_path`, `product_image_id`) VALUES ('Submariner-Dateday-1.png', 'Submariner-Dateday-1.png', '6');
INSERT INTO `dbwatchshop`.`image` (`image_name`, `image_path`, `product_image_id`) VALUES ('Submariner-Dateday-2.png', 'Submariner-Dateday-2.png', '6');
INSERT INTO `dbwatchshop`.`image` (`image_name`, `image_path`, `product_image_id`) VALUES ('Day-Date40-1.png', 'Day-Date40-1.png', '7');
INSERT INTO `dbwatchshop`.`image` (`image_name`, `image_path`, `product_image_id`) VALUES ('Day-Date40-2.png', 'Day-Date40-2.png', '7');
INSERT INTO `dbwatchshop`.`image` (`image_name`, `image_path`, `product_image_id`) VALUES ('Day-Date40-3.png', 'Day-Date40-3.png', '7');
INSERT INTO `dbwatchshop`.`image` (`image_name`, `image_path`, `product_image_id`) VALUES ('Day-Date40-4.png', 'Day-Date40-4.png', '7');
INSERT INTO `dbwatchshop`.`image` (`image_name`, `image_path`, `product_image_id`) VALUES ('Day-Date36-1.png', 'Day-Date36-1.png', '8');
INSERT INTO `dbwatchshop`.`image` (`image_name`, `image_path`, `product_image_id`) VALUES ('Day-Date36-2.png', 'Day-Date36-2.png', '8');
INSERT INTO `dbwatchshop`.`image` (`image_name`, `image_path`, `product_image_id`) VALUES ('Day-Date36-3.png', 'Day-Date36-3.png', '8');
INSERT INTO `dbwatchshop`.`image` (`image_name`, `image_path`, `product_image_id`) VALUES ('Day-Date36-4.png', 'Day-Date36-4.png', '8');
INSERT INTO `dbwatchshop`.`image` (`image_name`, `image_path`, `product_image_id`) VALUES ('Day-Date42-1.png', 'Day-Date42-1.png', '9');
INSERT INTO `dbwatchshop`.`image` (`image_name`, `image_path`, `product_image_id`) VALUES ('Day-Date42-2.png', 'Day-Date42-2.png', '9');
INSERT INTO `dbwatchshop`.`image` (`image_name`, `image_path`, `product_image_id`) VALUES ('Day-Date42-3.png', 'Day-Date42-3.png', '9');
INSERT INTO `dbwatchshop`.`image` (`image_name`, `image_path`, `product_image_id`) VALUES ('Day-Date42-4.png', 'Day-Date42-4.png', '9');
-- Hạnh
INSERT INTO `dbwatchshop`.`image` (`image_name`, `image_path`, `product_image_id`) VALUES 
('Yacht-Master_42_mau_den.png', 'Yacht-Master_42_mau_den.png', '10'),
('Yacht-Master_42_mau_den_2.png', 'Yacht-Master_42_mau_den_2.png', '10'),
('Yacht-Master_42_mau_den_3.png', 'Yacht-Master_42_mau_den_3.png', '10'),
('Yacht-Master_42_mau_den_4.png', 'Yacht-Master_42_mau_den_4.png', '10'),
('Yacht-Master_42_mat_chim_ung.png', 'Yacht-Master_42_mat_chim_ung.png', '11'),
('Yacht-Master_42_mat_chim_ung_2.png', 'Yacht-Master_42_mat_chim_ung_2.png', '11'),
('Yacht-Master_42_mat_chim_ung_3.png', 'Yacht-Master_42_mat_chim_ung_3.png', '11'),
('Yacht-Master_42_mat_chim_ung_4.png', 'Yacht-Master_42_mat_chim_ung_4.png', '11'),
('Yacht-Master_42_vang_kim.png', 'Yacht-Master_42_vang_kim.png', '12'),
('Yacht-Master_42_vang_kim_2.png', 'Yacht-Master_42_vang_kim_2.png', '12'),
('Yacht-Master_42_vang_kim_3.png', 'Yacht-Master_42_vang_kim_3.png', '12'),
('Yacht-Master_42_vang_kim_4.png', 'Yacht-Master_42_vang_kim_4.png', '12'), 
('Yacht-Master_42_titanium_RLX.png', 'Yacht-Master_42_titanium_RLX.png', '13'),
('Yacht-Master_42_titanium_RLX_2.png', 'Yacht-Master_42_titanium_RLX_2.png', '13'),
('Yacht-Master_42_titanium_RLX_3.png', 'Yacht-Master_42_titanium_RLX_3.png', '13'),
('Yacht-Master_42_titanium_RLX_4.png', 'Yacht-Master_42_titanium_RLX_4.png', '13'), 
('Sea-Dwelle_thep_Oystersteel.png', 'Sea-Dwelle_thep_Oystersteel.png', '14'),
('Sea-Dwelle_thep_Oystersteel_2.png', 'Sea-Dwelle_thep_Oystersteel_2.png', '14'),
('Sea-Dwelle_thep_Oystersteel_3.png', 'Sea-Dwelle_thep_Oystersteel_3.png', '14'),
('Sea-Dwelle_thep_Oystersteel_4.png', 'Sea-Dwelle_thep_Oystersteel_4.png', '14'),
('Sea-Dweller_vang_kim.png', 'Sea-Dweller_vang_kim.png', '15'),
('Sea-Dweller_vang_kim_2.png', 'Sea-Dweller_vang_kim_2.png', '15'),
('Sea-Dweller_vang_kim_3.png', 'Sea-Dweller_vang_kim_3.png', '15'),
('Sea-Dweller_vang_kim_4.png', 'Sea-Dweller_vang_kim_4.png', '15'), 
('RolexDeepsea_D-blue.png', 'RolexDeepsea_D-blue.png', '16'),
('RolexDeepsea_D-blue_2.png', 'RolexDeepsea_D-blue_2.png', '16'),
('RolexDeepsea_D-blue_3.png', 'RolexDeepsea_D-blue_3.png', '16'),
('RolexDeepsea_D-blue_4.png', 'RolexDeepsea_D-blue_4.png', '16'),
('RolexDeepsea_mau_den_tuyen.png', 'RolexDeepsea_mau_den_tuyen.png', '17'),
('RolexDeepsea_mau_den_tuyen_2.png', 'RolexDeepsea_mau_den_tuyen_2.png', '17'),
('RolexDeepsea_mau_den_tuyen_3.png', 'RolexDeepsea_mau_den_tuyen_3.png', '17'),
('RolexDeepsea_mau_den_tuyen_4.png', 'RolexDeepsea_mau_den_tuyen_4.png', '17'), 
('RolexDeepsea_vang_kim.png', 'RolexDeepsea_vang_kim.png', '18'),
('RolexDeepsea_vang_kim_2.png', 'RolexDeepsea_vang_kim_2.png', '18'),
('RolexDeepsea_vang_kim_3.png', 'RolexDeepsea_vang_kim_3.png', '18'),
('RolexDeepsea_vang_kim_4.png', 'RolexDeepsea_vang_kim_4.png', '18'), 
('Deepsea_Challenge.png', 'Deepsea_Challenge.png', '19'),
('Deepsea_Challenge_2.png', 'Deepsea_Challenge_2.png', '19'),
('Deepsea_Challenge_3.png', 'Deepsea_Challenge_3.png', '19'),
('Deepsea_Challenge_4.png', 'Deepsea_Challenge_4.png', '19');
-- Thắng
INSERT INTO `dbwatchshop`.`image` (`image_name`, `image_path`, `product_image_id`) VALUES ('Explorer 36 yellow-1.png', 'Explorer 36 yellow-1.png', '20');
INSERT INTO `dbwatchshop`.`image` (`image_name`, `image_path`, `product_image_id`) VALUES ('Explorer 36 yellow-2.png', 'Explorer 36 yellow-2.png', '20');
INSERT INTO `dbwatchshop`.`image` (`image_name`, `image_path`, `product_image_id`) VALUES ('Explorer 36 yellow-3.png', 'Explorer 36 yellow-3.png', '20');
INSERT INTO `dbwatchshop`.`image` (`image_name`, `image_path`, `product_image_id`) VALUES ('Explorer 36 yellow-4.png', 'Explorer 36 yellow-4.png', '20');

INSERT INTO `dbwatchshop`.`image` (`image_name`, `image_path`, `product_image_id`) VALUES ('Explorer 36-1.png', 'Explorer 36-1.png', '21');
INSERT INTO `dbwatchshop`.`image` (`image_name`, `image_path`, `product_image_id`) VALUES ('Explorer 36-2.png', 'Explorer 36-2.png', '21');
INSERT INTO `dbwatchshop`.`image` (`image_name`, `image_path`, `product_image_id`) VALUES ('Explorer 36-3.png', 'Explorer 36-3.png', '21');
INSERT INTO `dbwatchshop`.`image` (`image_name`, `image_path`, `product_image_id`) VALUES ('Explorer 36-4.png', 'Explorer 36-4.png', '21');

INSERT INTO `dbwatchshop`.`image` (`image_name`, `image_path`, `product_image_id`) VALUES ('Explorer 40-1.png', 'Explorer 40-1.png', '22');
INSERT INTO `dbwatchshop`.`image` (`image_name`, `image_path`, `product_image_id`) VALUES ('Explorer 40-2.png', 'Explorer 40-2.png', '22');
INSERT INTO `dbwatchshop`.`image` (`image_name`, `image_path`, `product_image_id`) VALUES ('Explorer 40-3.png', 'Explorer 40-3.png', '22');
INSERT INTO `dbwatchshop`.`image` (`image_name`, `image_path`, `product_image_id`) VALUES ('Explorer 40-4.png', 'Explorer 40-4.png', '22');

INSERT INTO `dbwatchshop`.`image` (`image_name`, `image_path`, `product_image_id`) VALUES ('Lady-Datejust Vàng Everose-1.png', 'Lady-Datejust Vàng Everose-1.png', '23');
INSERT INTO `dbwatchshop`.`image` (`image_name`, `image_path`, `product_image_id`) VALUES ('Lady-Datejust Vàng Everose-2.png', 'Lady-Datejust Vàng Everose-2.png', '23');
INSERT INTO `dbwatchshop`.`image` (`image_name`, `image_path`, `product_image_id`) VALUES ('Lady-Datejust Vàng Everose-3.png', 'Lady-Datejust Vàng Everose-3.png', '23');
INSERT INTO `dbwatchshop`.`image` (`image_name`, `image_path`, `product_image_id`) VALUES ('Lady-Datejust Vàng Everose-4.png', 'Lady-Datejust Vàng Everose-4.png', '23');

INSERT INTO `dbwatchshop`.`image` (`image_name`, `image_path`, `product_image_id`) VALUES ('Lady-Datejust Vàng Kim-1.png', 'Lady-Datejust Vàng Kim-1.png', '24');
INSERT INTO `dbwatchshop`.`image` (`image_name`, `image_path`, `product_image_id`) VALUES ('Lady-Datejust Vàng Kim-2.png', 'Lady-Datejust Vàng Kim-2.png', '24');
INSERT INTO `dbwatchshop`.`image` (`image_name`, `image_path`, `product_image_id`) VALUES ('Lady-Datejust Vàng Kim-3.png', 'Lady-Datejust Vàng Kim-3.png', '24');
INSERT INTO `dbwatchshop`.`image` (`image_name`, `image_path`, `product_image_id`) VALUES ('Lady-Datejust Vàng Kim-4.png', 'Lady-Datejust Vàng Kim-4.png', '24');

INSERT INTO `dbwatchshop`.`image` (`image_name`, `image_path`, `product_image_id`) VALUES ('Lady-Datejust Vàng Trắng-1.png', 'Lady-Datejust Vàng Trắng-1.png', '25');
INSERT INTO `dbwatchshop`.`image` (`image_name`, `image_path`, `product_image_id`) VALUES ('Lady-Datejust Vàng Trắng-2.png', 'Lady-Datejust Vàng Trắng-2.png', '25');
INSERT INTO `dbwatchshop`.`image` (`image_name`, `image_path`, `product_image_id`) VALUES ('Lady-Datejust Vàng Trắng-3.png', 'Lady-Datejust Vàng Trắng-3.png', '25');
INSERT INTO `dbwatchshop`.`image` (`image_name`, `image_path`, `product_image_id`) VALUES ('Lady-Datejust Vàng Trắng-4.png', 'Lady-Datejust Vàng Trắng-4.png', '25');

INSERT INTO `dbwatchshop`.`image` (`image_name`, `image_path`, `product_image_id`) VALUES ('Sky-Dweller Vàng Kim-1.png', 'Sky-Dweller Vàng Kim-1.png', '26');
INSERT INTO `dbwatchshop`.`image` (`image_name`, `image_path`, `product_image_id`) VALUES ('Sky-Dweller Vàng Kim-2.png', 'Sky-Dweller Vàng Kim-2.png', '26');
INSERT INTO `dbwatchshop`.`image` (`image_name`, `image_path`, `product_image_id`) VALUES ('Sky-Dweller Vàng Kim-3.png', 'Sky-Dweller Vàng Kim-3.png', '26');
INSERT INTO `dbwatchshop`.`image` (`image_name`, `image_path`, `product_image_id`) VALUES ('Sky-Dweller Vàng Kim-4.png', 'Sky-Dweller Vàng Kim-4.png', '26');

INSERT INTO `dbwatchshop`.`image` (`image_name`, `image_path`, `product_image_id`) VALUES ('Sky-Dweller Vàng Everose-1.png', 'Sky-Dweller Vàng Everose-1.png', '27');
INSERT INTO `dbwatchshop`.`image` (`image_name`, `image_path`, `product_image_id`) VALUES ('Sky-Dweller Vàng Everose-2.png', 'Sky-Dweller Vàng Everose-2.png', '27');
INSERT INTO `dbwatchshop`.`image` (`image_name`, `image_path`, `product_image_id`) VALUES ('Sky-Dweller Vàng Everose-3.png', 'Sky-Dweller Vàng Everose-3.png', '27');
INSERT INTO `dbwatchshop`.`image` (`image_name`, `image_path`, `product_image_id`) VALUES ('Sky-Dweller Vàng Everose-4.png', 'Sky-Dweller Vàng Everose-4.png', '27');

INSERT INTO `dbwatchshop`.`image` (`image_name`, `image_path`, `product_image_id`) VALUES ('Sky-Dweller Vàng Trắng-1.png', 'Sky-Dweller Vàng Trắng-1.png', '28');
INSERT INTO `dbwatchshop`.`image` (`image_name`, `image_path`, `product_image_id`) VALUES ('Sky-Dweller Vàng Trắng-2.png', 'Sky-Dweller Vàng Trắng-2.png', '28');
INSERT INTO `dbwatchshop`.`image` (`image_name`, `image_path`, `product_image_id`) VALUES ('Sky-Dweller Vàng Trắng-3.png', 'Sky-Dweller Vàng Trắng-3.png', '28');
INSERT INTO `dbwatchshop`.`image` (`image_name`, `image_path`, `product_image_id`) VALUES ('Sky-Dweller Vàng Trắng-4.png', 'Sky-Dweller Vàng Trắng-4.png', '28');

INSERT INTO `dbwatchshop`.`user` (`bank_account`, `email`, `fullname`, `ngay_sinh`, `password`, `phone_number`, `role_code`, `status`, `username`) VALUES ('123456789', 'admin@gmail.com', 'Quản trị viên', '2003-03-20 07:00:00.000000', 'a665a45920422f9d417e4867efdc4fb8a04a1f3fff1fa07e998e86f7f7a27ae3', '0367480398', 'ROLE_ADMIN', '1', 'admin');

